station_id,station_name,lat,lon,county,waterbody,huc8
519DRYCRK,Dry Creek at Roseville WWTP,38.734098,-121.3144446,PLACER,,
511SOL011,Old Alamo Creek at Lewis Road,38.34643,-121.89702,SOLANO,,
544SJRNBC,San Joaquin River near Buckley Cove,37.97417,-121.37601,SAN JOAQUIN,,
519DRYRLB,Terminus of Dry Creek at Rio Linda Blvd,38.67109,-121.45415,SACRAMENTO,,
544SAC002,Mokelumne River at New Hope Road,38.23611,-121.41889,SAN JOAQUIN,,
511OACSBL,Old Alamo Creek at Sunnybrook Ln.,38.344197,-121.869089,SOLANO,,
541SJC501,San Joaquin River at Airport Way near Vernalis,37.675555556,-121.264166667,SAN JOAQUIN,,
511ULCABR,Ulatis Creek at Brown Road,38.307,-121.7942,SOLANO,,
544LSAC13,San Joaquin R at Buckley Cove,37.971833,-121.373619,SAN JOAQUIN,,
Cent-012,Central Delta Subregion - Cent-012,38.023199069,-121.513719409,SAN JOAQUIN,,
519AMNDVY,American River at Discovery Park,38.60094,-121.5055,SACRAMENTO,,
Yolo-020,Yolo Bypass - Cache Slough Subregion - Yolo-020,38.278806263,-121.67779651,SOLANO,,
511NACUOA,New Alamo Creek upstream of confluence with Old Alamo Creek,38.329939,-121.888569,SOLANO,,
Sacr-022,Sacramento River Subregion - Sacr-022,38.41424166,-121.521469089,SACRAMENTO,,
Sout-021,South Delta Subregion - Sout-021,37.819768626,-121.52645855,SAN JOAQUIN,,
Conf-006,Delta Confluence Subregion - Conf-006,38.062165255,-121.843029896,SACRAMENTO,,
519DRYWAB,Dry Creek at Watt Ave bridge,38.73456,-121.3929,PLACER,,
510SACC3A,Sacramento River at Hood Monitoring Station Platform,38.36771,-121.5205,SACRAMENTO,,
Sacr-011,Sacramento River Subregion - Sacr-011,38.514540924,-121.545627029,SACRAMENTO,,
Nort-017,Northeast Delta Subregion - Nort-017,38.142763306,-121.470360299,SAN JOAQUIN,,
Sout-023,South Delta Subregion - Sout-023,37.99589916,-121.368843488,SAN JOAQUIN,,
Conf-021,Delta Confluence Subregion - Conf-021,38.02724214,-121.811241493,SACRAMENTO,,
Yolo-001,Yolo Bypass - Cache Slough Subregion - Yolo-001,38.279517986,-121.660996874,SOLANO,,
Nort-011,Northeast Delta Subregion - Nort-011,38.145960504,-121.600692278,SACRAMENTO,,
Nort-014,Northeast Delta Subregion - Nort-014,38.246965781,-121.498288437,SACRAMENTO,,
544MDRBH4,Middle River at Borden Hwy (Hwy 4),37.89083,-121.48833,SAN JOAQUIN,,
Sacr-002,Sacramento River Subregion - Sacr-002,38.26206555,-121.651285253,SOLANO,,
Yolo-018,Yolo Bypass - Cache Slough Subregion - Yolo-018,38.260249435,-121.678858142,SOLANO,,
Sacr-005,Sacramento River Subregion - Sacr-005,38.188992217,-121.641271313,SACRAMENTO,,
Nort-022,Northeast Delta Subregion - Nort-022,38.269634886,-121.496413714,SACRAMENTO,,
207SRD10A,Sacramento River at Mallard Island,38.04288,-121.92011,CONTRA COSTA,Suisun Bay,
544ADVLM6,Lower Mokelumne River 6-544ADVLM6,38.25542,-121.44006,SAN JOAQUIN,,
511OACCLN,Old Alamo Creek at Chicorp Ln.,38.347147,-121.887617,SOLANO,,
511NACARD,Terminus of New Alamo Creek at Rio Dixon Rd before confluence with Ulatis Creek,38.336511,-121.823136,SOLANO,,
519SUT108,Sacramento River at Elkhorn Boat Launch Facility,38.67245,-121.625,SACRAMENTO,,
519SHCDDC,Steelhead Creek main stem downstream of confluence with Dry Creek,38.66407,-121.4772,SACRAMENTO,,
Sacr-003,Sacramento River Subregion - Sacr-003,38.239172209,-121.521494278,SACRAMENTO,,
Sacr-006,Sacramento River Subregion - Sacr-006,38.24024113,-121.601981781,SACRAMENTO,,
Sacr-012,Sacramento River Subregion - Sacr-012,38.192723255,-121.567524791,SACRAMENTO,,
Yolo-009,Yolo Bypass - Cache Slough Subregion - Yolo-009,38.24957203,-121.674817379,SOLANO,,
Yolo-011,Yolo Bypass - Cache Slough Subregion - Yolo-011,38.30568432,-121.657210914,SOLANO,,
Yolo-014,Yolo Bypass - Cache Slough Subregion - Yolo-014,38.381948621,-121.626014351,YOLO,,
Yolo-015,Yolo Bypass - Cache Slough Subregion - Yolo-015,38.267889647,-121.663210686,SOLANO,,
Yolo-016,Yolo Bypass - Cache Slough Subregion - Yolo-016,38.258062705,-121.725798143,SOLANO,,
Yolo-022,Yolo Bypass - Cache Slough Subregion - Yolo-022,38.317984561,-121.651768996,YOLO,,
Yolo-023,Yolo Bypass - Cache Slough Subregion - Yolo-023,38.278994283,-121.687788232,SOLANO,,
Yolo-024,Yolo Bypass - Cache Slough Subregion - Yolo-024,38.184874665,-121.661012378,SOLANO,,
Nort-001,Northeast Delta Subregion - Nort-001,38.144768424,-121.439404951,SAN JOAQUIN,,
Nort-002,Northeast Delta Subregion - Nort-002,38.16556766,-121.491334284,SAN JOAQUIN,,
Nort-004,Northeast Delta Subregion - Nort-004,38.115854479,-121.551717481,SAN JOAQUIN,,
Nort-005,Northeast Delta Subregion - Nort-005,38.142495816,-121.496832298,SAN JOAQUIN,,
Nort-007,Northeast Delta Subregion - Nort-007,38.2248652,-121.534384608,SACRAMENTO,,
Sacr-013,Sacramento River Subregion - Sacr-013,38.338212396,-121.565304049,YOLO,,
Sacr-014,Sacramento River Subregion - Sacr-014,38.377698337,-121.542165349,YOLO,,
Sacr-015,Sacramento River Subregion - Sacr-015,38.534813171,-121.519245886,SACRAMENTO,,
Sacr-016,Sacramento River Subregion - Sacr-016,38.172890415,-121.648523345,SACRAMENTO,,
Nort-013,Northeast Delta Subregion - Nort-013,38.209807818,-121.507131285,SAN JOAQUIN,,
Nort-016,Northeast Delta Subregion - Nort-016,38.201631978,-121.541379263,SACRAMENTO,,
Nort-018,Northeast Delta Subregion - Nort-018,38.16881249,-121.470389527,SAN JOAQUIN,,
Nort-019,Northeast Delta Subregion - Nort-019,38.286125106,-121.503181745,SACRAMENTO,,
Nort-020,Northeast Delta Subregion - Nort-020,38.130874845,-121.574055728,SACRAMENTO,,
Nort-024,Northeast Delta Subregion - Nort-024,38.135146921,-121.563099247,SAN JOAQUIN,,
Sacr-018,Sacramento River Subregion - Sacr-018,38.239655145,-121.539993546,SACRAMENTO,,
Sacr-019,Sacramento River Subregion - Sacr-019,38.575381011,-121.511691894,YOLO,,
Sacr-021,Sacramento River Subregion - Sacr-021,38.310348394,-121.598471538,SOLANO,,
Sacr-024,Sacramento River Subregion - Sacr-024,38.229702552,-121.603385284,SOLANO,,
Cent-001,Central Delta Subregion - Cent-001,37.8357268,-121.555036674,CONTRA COSTA,,
Cent-002,Central Delta Subregion - Cent-002,37.921024502,-121.517352539,SAN JOAQUIN,,
Cent-003,Central Delta Subregion - Cent-003,38.07762352,-121.575532795,SAN JOAQUIN,,
Cent-004,Central Delta Subregion - Cent-004,38.038042185,-121.596678285,CONTRA COSTA,,
Cent-006,Central Delta Subregion - Cent-006,37.992420346,-121.523360384,SAN JOAQUIN,,
Cent-008,Central Delta Subregion - Cent-008,38.042058103,-121.590153504,CONTRA COSTA,,
Cent-009,Central Delta Subregion - Cent-009,37.991085587,-121.577780964,SAN JOAQUIN,,
Cent-010,Central Delta Subregion - Cent-010,37.976457223,-121.514615954,SAN JOAQUIN,,
Sout-005,South Delta Subregion - Sout-005,38.038762263,-121.483378468,SAN JOAQUIN,,
Sout-007,South Delta Subregion - Sout-007,37.997654276,-121.410041168,SAN JOAQUIN,,
Sout-008,South Delta Subregion - Sout-008,38.085783042,-121.552623553,SAN JOAQUIN,,
Sout-011,South Delta Subregion - Sout-011,37.793684905,-121.307465885,SAN JOAQUIN,,
Sout-012,South Delta Subregion - Sout-012,38.100073791,-121.488692361,SAN JOAQUIN,,
Sout-014,South Delta Subregion - Sout-014,38.041054925,-121.429920457,SAN JOAQUIN,,
Sout-016,South Delta Subregion - Sout-016,38.089906023,-121.480797691,SAN JOAQUIN,,
Sout-019,South Delta Subregion - Sout-019,38.050892047,-121.465034722,SAN JOAQUIN,,
Sout-022,South Delta Subregion - Sout-022,38.050653305,-121.418343055,SAN JOAQUIN,,
Sout-026,South Delta Subregion - Sout-026,38.007743346,-121.455755836,SAN JOAQUIN,,
Cent-013,Central Delta Subregion - Cent-013,37.942478951,-121.559276261,SAN JOAQUIN,,
Cent-014,Central Delta Subregion - Cent-014,38.063074545,-121.561028399,SAN JOAQUIN,,
Cent-017,Central Delta Subregion - Cent-017,37.920261778,-121.555689028,SAN JOAQUIN,,
Cent-019,Central Delta Subregion - Cent-019,38.061565893,-121.619268576,CONTRA COSTA,,
Cent-020,Central Delta Subregion - Cent-020,38.029192939,-121.583379655,CONTRA COSTA,,
Cent-024,Central Delta Subregion - Cent-024,38.038923345,-121.569684571,SAN JOAQUIN,,
Conf-004,Delta Confluence Subregion - Conf-004,38.021702504,-121.735156931,CONTRA COSTA,,
Conf-005,Delta Confluence Subregion - Conf-005,38.023858973,-121.81610873,SACRAMENTO,,
Conf-010,Delta Confluence Subregion - Conf-010,38.025201737,-121.748278879,CONTRA COSTA,,
Conf-011,Delta Confluence Subregion - Conf-011,38.100045566,-121.719032988,SOLANO,,
Conf-017,Delta Confluence Subregion - Conf-017,38.044987325,-121.802135166,SACRAMENTO,,
Conf-018,Delta Confluence Subregion - Conf-018,38.056083701,-121.807264525,SACRAMENTO,,
Conf-019,Delta Confluence Subregion - Conf-019,38.059038798,-121.6778633,CONTRA COSTA,,
Conf-023,Delta Confluence Subregion - Conf-023,38.084377813,-121.710044157,SACRAMENTO,,
Conf-026,Delta Confluence Subregion - Conf-026,38.035816428,-121.776929054,SACRAMENTO,,
544LILPSL,Little Potato Slough,38.09627,-121.49602,SAN JOAQUIN,,
A0V83671280,Natomas East Main Drainage Canal,38.6111,-121.4673,SACRAMENTO,,
B9D82211312,Sacramento River at Hood-B9D82211312,38.3677,-121.5205,SACRAMENTO,,
B9C75861385,Rock Slough at CCWD Fish Facility,37.9955,-121.7018,CONTRA COSTA,,
Sacr-010,Sacramento River Subregion - Sacr-010,38.45880858,-121.502395617,SACRAMENTO,,
Cent-015,Central Delta Subregion - Cent-015,38.056924366,-121.608651111,CONTRA COSTA,,
510ST1301,"Sacramento River at Freeport, CA-510ST1301",38.45555,-121.50194,YOLO,,
Sout-013,South Delta Subregion - Sout-013,37.952684089,-121.341495948,SAN JOAQUIN,,
Conf-012,Delta Confluence Subregion - Conf-012,38.109610828,-121.710002513,SOLANO,,
510ADVLIM,Cache Slough at Liberty Island Mouth-510ADVLIM,38.24213,-121.68539,SOLANO,,
519DRYCRB,Dry Creek at Cook Riolo Rd bridge,38.73672,-121.3367,PLACER,,
Yolo-021,Yolo Bypass - Cache Slough Subregion - Yolo-021,38.301076143,-121.729773964,SOLANO,,
Conf-016,Delta Confluence Subregion - Conf-016,38.13653138,-121.686688307,SACRAMENTO,,
Sacr-025,Sacramento River Subregion - Sacr-025,38.293999875,-121.582441517,SACRAMENTO,,
Nort-023,Northeast Delta Subregion - Nort-023,38.101147439,-121.562982402,SAN JOAQUIN,,
510ST1317,Sacramento River/Freeport-510ST1317,38.4556,-121.5019,SACRAMENTO,,
SREM_SRNC,Sacramento River End Member_SRNC,38.253011,-121.512269,SACRAMENTO,,
SFM1_SRNC,South Fork Mokelumne River 1_SRNC,38.224786,-121.491506,SAN JOAQUIN,,
NFM4_SRNC,North Fork Mokelumne River 4_SRNC,38.160164,-121.533933,SAN JOAQUIN,,
SFM3_SRNC,South Fork Mokelumne River 3_SRNC,38.181264,-121.489256,SAN JOAQUIN,,
SR1_SRNC,Sacramento River 1_SRNC,38.456503,-121.502353,YOLO,,
GS2_SRNC,Georgiana Slough 2_SRNC,38.201247,-121.541736,SACRAMENTO,,
NFM3_SRNC,North Fork Mokelumne River 3_SRNC,38.182644,-121.526664,SAN JOAQUIN,,
MOKEM_SRNC,Mokelumne River End Member_SRNC,38.230939,-121.490592,SACRAMENTO,,
GS1_SRNC,Georgiana Slough 1_SRNC,38.223233,-121.541328,SACRAMENTO,,
SFM4_SRNC,South Fork Mokelumne River 4_SRNC,38.153822,-121.503183,SAN JOAQUIN,,
SR2_SRNC,Sacramento River 2_SRNC,38.434775,-121.522908,SACRAMENTO,,
SFM2_SRNC,South Fork Mokelumne River 2_SRNC,38.207314,-121.482539,SAN JOAQUIN,,
SR3_SRNC,Sacramento River 3_SRNC,38.368506,-121.5214,YOLO,,
NFM2_SRNC,North Fork Mokelumne River 2_SRNC,38.202994,-121.518447,SAN JOAQUIN,,
NFM1_SRNC,North Fork Mokelumne River 1_SRNC,38.222397,-121.507483,SACRAMENTO,,
GS3_SRNC,Georgiana Slough 3_SRNC,38.182925,-121.568922,SACRAMENTO,,
GS4_SRNC,Georgiana Slough 4_SRNC,38.162442,-121.584361,SACRAMENTO,,
B9D81281401,Cache Slough near Ryer Island,38.225002,-121.674806,SOLANO,,
511OACUNA,Terminus of Old Alamo Creek upstream of confluence with New Alamo Creek,38.329869,-121.869231,SOLANO,,
Sacr-001,Sacramento River Subregion - Sacr-001,38.164981158,-121.620986249,SACRAMENTO,,
Sacr-007,Sacramento River Subregion - Sacr-007,38.47371973,-121.5202657,YOLO,,
Sacr-008,Sacramento River Subregion - Sacr-008,38.194726271,-121.619071455,SOLANO,,
Sacr-009,Sacramento River Subregion - Sacr-009,38.314358055,-121.577232966,SACRAMENTO,,
Yolo-003,Yolo Bypass - Cache Slough Subregion - Yolo-003,38.261052479,-121.747855129,SOLANO,,
Yolo-008,Yolo Bypass - Cache Slough Subregion - Yolo-008,38.274304145,-121.673916642,SOLANO,,
Yolo-017,Yolo Bypass - Cache Slough Subregion - Yolo-017,38.283296644,-121.68576836,SOLANO,,
Yolo-019,Yolo Bypass - Cache Slough Subregion - Yolo-019,38.433007337,-121.602883965,YOLO,,
Nort-006,Northeast Delta Subregion - Nort-006,38.253550741,-121.479792124,SAN JOAQUIN,,
Nort-012,Northeast Delta Subregion - Nort-012,38.122799205,-121.525211684,SAN JOAQUIN,,
Nort-025,Northeast Delta Subregion - Nort-025,38.128987913,-121.499447734,SAN JOAQUIN,,
Sacr-017,Sacramento River Subregion - Sacr-017,38.274153339,-121.588591612,SACRAMENTO,,
Sacr-020,Sacramento River Subregion - Sacr-020,38.184597571,-121.648059283,SACRAMENTO,,
Cent-005,Central Delta Subregion - Cent-005,37.901526367,-121.613998289,CONTRA COSTA,,
Cent-007,Central Delta Subregion - Cent-007,38.10000839,-121.600551036,SACRAMENTO,,
Sout-001,South Delta Subregion - Sout-001,38.052833889,-121.498637977,SAN JOAQUIN,,
Sout-002,South Delta Subregion - Sout-002,37.958225513,-121.3794921,SAN JOAQUIN,,
Sout-003,South Delta Subregion - Sout-003,38.046231037,-121.475567089,SAN JOAQUIN,,
Sout-004,South Delta Subregion - Sout-004,37.80751255,-121.415354392,SAN JOAQUIN,,
Sout-006,South Delta Subregion - Sout-006,38.032826687,-121.379842001,SAN JOAQUIN,,
Sout-009,South Delta Subregion - Sout-009,37.820283639,-121.492475643,SAN JOAQUIN,,
Sout-017,South Delta Subregion - Sout-017,38.041658207,-121.497708007,SAN JOAQUIN,,
Sout-020,South Delta Subregion - Sout-020,38.105626513,-121.489373189,SAN JOAQUIN,,
Sout-024,South Delta Subregion - Sout-024,38.063876616,-121.498171019,SAN JOAQUIN,,
Sout-025,South Delta Subregion - Sout-025,37.916626852,-121.32143776,SAN JOAQUIN,,
Cent-021,Central Delta Subregion - Cent-021,37.889296722,-121.574673516,SAN JOAQUIN,,
Cent-022,Central Delta Subregion - Cent-022,38.00363694,-121.528840409,SAN JOAQUIN,,
Conf-001,Delta Confluence Subregion - Conf-001,38.041066418,-121.824613771,SACRAMENTO,,
Conf-002,Delta Confluence Subregion - Conf-002,38.059261801,-121.822240164,SACRAMENTO,,
Conf-003,Delta Confluence Subregion - Conf-003,38.029355166,-121.754008928,SACRAMENTO,,
Conf-007,Delta Confluence Subregion - Conf-007,38.078030821,-121.682562949,SACRAMENTO,,
Conf-009,Delta Confluence Subregion - Conf-009,38.035015172,-121.83132101,SACRAMENTO,,
Conf-013,Delta Confluence Subregion - Conf-013,38.074391901,-121.772879342,SOLANO,,
Conf-014,Delta Confluence Subregion - Conf-014,38.04786571,-121.79496366,SACRAMENTO,,
Conf-024,Delta Confluence Subregion - Conf-024,38.0390948,-121.724536959,SACRAMENTO,,
Conf-027,Delta Confluence Subregion - Conf-027,38.051607244,-121.691583985,CONTRA COSTA,,
Yolo-002,Yolo Bypass - Cache Slough Subregion - Yolo-002,38.269192606,-121.692386272,SOLANO,,
Yolo-010,Yolo Bypass - Cache Slough Subregion - Yolo-010,38.461783995,-121.588633651,YOLO,,
Yolo-012,Yolo Bypass - Cache Slough Subregion - Yolo-012,38.282413859,-121.681004077,SOLANO,,
Yolo-013,Yolo Bypass - Cache Slough Subregion - Yolo-013,38.208198612,-121.663061988,SOLANO,,
Nort-008,Northeast Delta Subregion - Nort-008,38.120163316,-121.582540482,SAN JOAQUIN,,
Nort-009,Northeast Delta Subregion - Nort-009,38.122350594,-121.498293875,SAN JOAQUIN,,
Sacr-023,Sacramento River Subregion - Sacr-023,38.494160793,-121.555867225,SACRAMENTO,,
Sout-010,South Delta Subregion - Sout-010,38.005638383,-121.444295767,SAN JOAQUIN,,
Cent-016,Central Delta Subregion - Cent-016,38.10420348,-121.593001183,SACRAMENTO,,
Cent-018,Central Delta Subregion - Cent-018,37.991558213,-121.515345937,SAN JOAQUIN,,
B9D75891188,Calaveras River at UOP Footbridge,37.980025,-121.336477,SAN JOAQUIN,,
511NACDOA,New Alamo Creek downstream of confluence between New and Old Alamo Creeks,38.329789,-121.860019,SOLANO,,
519SHCDRC,Steelhead Creek main stem downstream of Robla and Steelhead Creek confluence,38.6565,-121.475453,SACRAMENTO,,
Yolo-004,Yolo Bypass - Cache Slough Subregion - Yolo-004,38.31956684,-121.692764797,YOLO,,
Yolo-006,Yolo Bypass - Cache Slough Subregion - Yolo-006,38.252140884,-121.675582822,SOLANO,,
Nort-010,Northeast Delta Subregion - Nort-010,38.269985855,-121.477449465,SACRAMENTO,,
Nort-015,Northeast Delta Subregion - Nort-015,38.129692962,-121.561755427,SAN JOAQUIN,,
Nort-021,Northeast Delta Subregion - Nort-021,38.156139267,-121.503107859,SAN JOAQUIN,,
Cent-011,Central Delta Subregion - Cent-011,38.034919413,-121.600466004,CONTRA COSTA,,
Yolo-005,Yolo Bypass - Cache Slough Subregion - Yolo-005,38.259048209,-121.66765438,SOLANO,,
Yolo-007,Yolo Bypass - Cache Slough Subregion - Yolo-007,38.271217228,-121.702826468,SOLANO,,
Cent-023,Central Delta Subregion - Cent-023,38.05159274,-121.634194299,CONTRA COSTA,,
Conf-008,Delta Confluence Subregion - Conf-008,38.043454179,-121.70929088,SACRAMENTO,,
Conf-025,Delta Confluence Subregion - Conf-025,38.065923014,-121.793418948,SOLANO,,
544DMC020,DMC off HWY 4 ,37.81239,-121.57887,CONTRA COSTA,,
B9D81531264,Mokelumne River at Benson's Ferry,38.254614,-121.436581,SAN JOAQUIN,,
B0702000,San Joaquin River near Vernalis,37.6793,-121.2651,SAN JOAQUIN,,
A0294500,Colusa Basin Ag Drain,38.801973,-121.725518,YOLO,,
KA000331,Banks Pumping Plant,37.814797,-121.615733,CONTRA COSTA,,
B9D75811344,Old River at Bacon Island,37.9691,-121.5729,SAN JOAQUIN,,
B9C74781351,Jones Pumping Plant,37.7969,-121.5855,ALAMEDA,,
B9D83221310,Sacramento River at Westin Boat Dock,38.530034,-121.530912,YOLO,,
